Company Name,Ticker
Hanwha Corp,000880
Mitsubishi Shokuhin Co Ltd,7451
Doosan Corp,000150
SK Networks Co Ltd,001740
Cosmo Energy Holdings Co Ltd,5021
Posco Daewoo Corp,047050
Uniper SE,UN01
AmerisourceBergen Corp,ABC
Doosan Heavy Industries & Construction Co Ltd,034020
Tokyo Electric Power Co Holdings Inc,9501
Casino Guichard Perrachon SA,CO
Japan Display Inc,6740
CECONOMY AG,CEC
McKesson Corp,MCK
Medipal Holdings Corp,7459
Global Brands Group Holding Ltd,787
CJ Corp,001040
SK Holdings Co Ltd,034730
Idemitsu Kosan Co Ltd,5019
Mitsui E&S Holdings Co Ltd,7003
Marubeni Corp,8002
Kroger Co/The,KR
Japan Post Insurance Co Ltd,7181
Nippon Yusen KK,9101
Korea Gas Corp,036460
GS Engineering & Construction Corp,006360
Suzuken Co Ltd/Aichi Japan,9987
Metcash Ltd,MTS
HDC Holdings Co Ltd,012630
J Sainsbury PLC,SBRY
Alfresa Holdings Corp,2784
Hyundai Wia Corp,011210
Aeon Co Ltd,8267
Dixons Carphone PLC,DC/
JXTG Holdings Inc,5020
Toyota Tsusho Corp,8015
Hokkaido Electric Power Co Inc,9509
FIH Mobile Ltd,2038
Bunge Ltd,BG
Aegon NV,AGN
RWE AG,RWE3
Kawasaki Kisen Kaisha Ltd,9107
AutoNation Inc,AN
Daewoo Engineering & Construction Co Ltd,047040
Kobe Steel Ltd,5406
Nippon Paper Industries Co Ltd,3863
LS Corp,006260
Korean Air Lines Co Ltd,003490
Daelim Industrial Co Ltd,000210
Sojitz Corp,2768
LG Hausys Ltd,108670
Mitsui OSK Lines Ltd,9104
Kia Motors Corp,000270
LG Electronics Inc,066570
Lotte Shopping Co Ltd,023530
Hyundai Marine & Fire Insurance Co Ltd,001450
Bed Bath & Beyond Inc,BBBY
Jabil Inc,JBL
Talanx AG,TLX
Hanwha Life Insurance Co Ltd,088350
Arrow Electronics Inc,ARW
Showa Shell Sekiyu KK,5002
Peugeot SA,UG
Sumitomo Forestry Co Ltd,1911
Mazda Motor Corp,7261
Israel Corp Ltd/The,ILCO
Oil Refineries Ltd,ORL
H2O Retailing Corp,8242
Avnet Inc,AVT
RWE AG,RWE
Nissan Shatai Co Ltd,7222
NEC Corp,6701
Li & Fung Ltd,494
George Weston Ltd,WN
Nisshin Steel Co Ltd,5413
Distribuidora Internacional de Alimentacion SA,DIA
Hyundai Engineering & Construction Co Ltd,000720
Ford Motor Co,F
Power Corp of Canada,POW
DB Insurance Co Ltd,005830
CJ CheilJedang Corp,097950
Doosan Infracore Co Ltd,042670
ACS Actividades de Construccion y Servicios SA,ACS
Harel Insurance Investments & Financial Services Ltd,HARL
Toyota Boshoku Corp,3116
Yamada Denki Co Ltd,9831
Nagase & Co Ltd,8012
Kyushu Electric Power Co Inc,9508
Macy's Inc,M
Centrica PLC,CNA
Rexel SA,RXL
Wm Morrison Supermarkets PLC,MRW
Hyundai Motor Co,005380
Mitsubishi Materials Corp,5711
thyssenkrupp AG,TKA
Deutsche Lufthansa AG,LHA
PALTAC CORPORATION,8283
Volkswagen AG,VOW3
Hyundai Glovis Co Ltd,086280
Wilmar International Ltd,WIL
Volkswagen AG,VOW
Rengo Co Ltd,3941
Vienna Insurance Group AG Wiener Versicherung Gruppe,VIG
Bic Camera Inc,3048
Chugoku Electric Power Co Inc/The,9504
Fujikura Ltd,5803
Mitsubishi Heavy Industries Ltd,7011
Megmilk Snow Brand Co Ltd,2270
Fluor Corp,FLR
Samsung Heavy Industries Co Ltd,010140
Legal & General Group PLC,LGEN
Hokuriku Electric Power Co,9505
Tohoku Electric Power Co Inc,9506
Glencore PLC,GLEN
Koninklijke Ahold Delhaize NV,AD
Itoham Yonekyu Holdings Inc,2296
Flex Ltd,FLEX
Centene Corp,CNC
HIS Co Ltd,9603
LG Display Co Ltd,034220
Dai-ichi Life Holdings Inc,8750
GS Retail Co Ltd,007070
Nissan Motor Co Ltd,7201
NTN Corp,6472
IHI Corp,7013
Inchcape PLC,INCH
ManpowerGroup Inc,MAN
Hyosung Corp,004800
CNP Assurances,CNP
CNP Assurances,CNP
Ricoh Co Ltd,7752
GS Holdings Corp,078930
Fujitsu Ltd,6702
JFE Holdings Inc,5411
Electricite de France SA,EDF
Nippon Express Co Ltd,9062
Isetan Mitsukoshi Holdings Ltd,3099
Shikoku Electric Power Co Inc,9507
Adient PLC,ADNT
CJ Logistics Corp,000120
Kawasaki Heavy Industries Ltd,7012
Chiyoda Corp,6366
Hyundai Steel Co,004020
Mapfre SA,MAP
Archer-Daniels-Midland Co,ADM
MS&AD Insurance Group Holdings Inc,8725
Korea Electric Power Corp,015760
Renault SA,RNO
CVS Health Corp,CVS
First Pacific Co Ltd,142
SK Innovation Co Ltd,096770
K's Holdings Corp,8282
Express Scripts Holding Co,ESRX
Leopalace21 Corp,8848
Japan Post Holdings Co Ltd,6178
Takashimaya Co Ltd,8233
Shikun & Binui Ltd,SKBN
General Motors Co,GM
Chubu Electric Power Co Inc,9502
Mando Corp,204320
Caltex Australia Ltd,CTX
JTEKT Corp,6473
Randstad NV,RAND
Hitachi Ltd,6501
Furukawa Electric Co Ltd,5801
Tokai Rika Co Ltd,6995
Nippon Steel & Sumitomo Metal Corp,5401
Honda Motor Co Ltd,7267
HOCHTIEF AG,HOT
Mitsubishi Chemical Holdings Corp,4188
Downer EDI Ltd,DOW
Kansai Electric Power Co Inc/The,9503
Kesko OYJ,KESKOB
NHK Spring Co Ltd,5991
Nisshinbo Holdings Inc,3105
Aisin Seiki Co Ltd,7259
Hanwha Aerospace Co Ltd,012450
Faurecia SA,EO
Hino Motors Ltd,7205
Veolia Environnement SA,VIE
Daimler AG,DAI
Esprit Holdings Ltd,330
Adecco Group AG,ADEN
Hakuhodo DY Holdings Inc,2433
Bouygues SA,EN
Toyoda Gosei Co Ltd,7282
Sapporo Holdings Ltd,2501
Toppan Printing Co Ltd,7911
LIXIL Group Corp,5938
Valero Energy Corp,VLO
E-MART Inc,139480
Kumho Petrochemical Co Ltd,011780
AXA SA,CS
SSE PLC,SSE
Hitachi Transport System Ltd,9086
Oji Holdings Corp,3861
POSCO,005490
NH Foods Ltd,2282
Iida Group Holdings Co Ltd,3291
Andeavor,ANDV
Golden Agri-Resources Ltd,GGR
Royal Mail PLC,RMG
Sumitomo Electric Industries Ltd,5802
SCOR SE,SCR
Muenchener Rueckversicherungs-Gesellschaft AG in Muenchen,MUV2
Lagardere SCA,MMB
Skanska AB,SKAB
Innogy SE,IGY
Toyo Seikan Group Holdings Ltd,5901
Yamazaki Baking Co Ltd,2212
ArcelorMittal,MT
Sompo Holdings Inc,8630
Marks & Spencer Group PLC,MKS
Johnson Matthey PLC,JMAT
DIC Corp,4631
Panasonic Corp,6752
Komeri Co Ltd,8218
Obayashi Corp,1802
Sumitomo Corp,8053
DKSH Holding AG,DKSH
Suedzucker AG,SZU
Adastria Co Ltd,2685
Best Buy Co Inc,BBY
Kohl's Corp,KSS
Standard Life Aberdeen PLC,SLA
Konica Minolta Inc,4902
Samsung Engineering Co Ltd,028050
Kandenko Co Ltd,1942
LG Uplus Corp,032640
Marathon Petroleum Corp,MPC
Goodyear Tire & Rubber Co/The,GT
Bayerische Motoren Werke AG,BMW3
ASKUL Corp,2678
Ube Industries Ltd,4208
Engie SA,ENGI
Suez,SEV
Power Financial Corp,PWF
E.ON SE,EOAN
Paz Oil Co Ltd,PZOL
Target Corp,TGT
Lotte Chilsung Beverage Co Ltd,005300
Mitsui Chemicals Inc,4183
Cathay Pacific Airways Ltd,293
Nordstrom Inc,JWN
Tokyu Fudosan Holdings Corp,3289
BGF Co Ltd,027410
TUI AG,TUI
Fletcher Building Ltd,FBU
Sumitomo Chemical Co Ltd,4005
Dai Nippon Printing Co Ltd,7912
Walmart Inc,WMT
G4S PLC,GFS
United Continental Holdings Inc,UAL
Magna International Inc,MG
Hanwha Chemical Corp,009830
Patterson Cos Inc,PDCO
Toppan Forms Co Ltd,7862
Teijin Ltd,3401
ISS A/S,ISS
Dowa Holdings Co Ltd,5714
Samsung Fire & Marine Insurance Co Ltd,000810
Aryzta AG,ARYN
Daido Steel Co Ltd,5471
Toyobo Co Ltd,3101
Sysco Corp,SYY
SKC Co Ltd,011790
Canon Marketing Japan Inc,8060
Securitas AB,SECUB
Kaneka Corp,4118
Acciona SA,ANA
Signet Jewelers Ltd,SIG
Sims Metal Management Ltd,SGM
Loblaw Cos Ltd,L
Prudential PLC,PRU
Repsol SA,REP
American Airlines Group Inc,AAL
NOK Corp,7240
St James's Place PLC,STJ
Eiffage SA,FGR
Maeda Corp,1824
LendLease Group,LLC
Sankyu Inc,9065
Bayerische Motoren Werke AG,BMW
Whirlpool Corp,WHR
Helvetia Holding AG,HELN
Sony Financial Holdings Inc,8729
Kajima Corp,1812
Zensho Holdings Co Ltd,7550
Air Water Inc,4088
Shimizu Corp,1803
Mitsubishi Motors Corp,7211
Phillips 66,PSX
Xerox Corp,XRX
ITOCHU Corp,8001
Cheil Worldwide Inc,030000
Haseko Corp,1808
GS Yuasa Corp,6674
Swiss Life Holding AG,SLHN
T&D Holdings Inc,8795
Exedy Corp,7278
Seino Holdings Co Ltd,9076
DMG Mori Co Ltd,6141
HollyFrontier Corp,HFC
Costco Wholesale Corp,COST
Daikyo Inc,8840
Yokohama Rubber Co Ltd/The,5101
Sumitomo Rubber Industries Ltd,5110
Kingfisher PLC,KGF
AES Corp/VA,AES
Lear Corp,LEA
Umicore SA,UMI
Nishi-Nippon Railroad Co Ltd,9031
Alimentation Couche-Tard Inc,ATD/B
Weatherford International PLC,WFT
Fuji Electric Co Ltd,6504
Jeronimo Martins SGPS SA,JMT
Calpine Corp,CPN
Taiheiyo Cement Corp,5233
Seven West Media Ltd,SWM
Woolworths Group Ltd,WOW
Walgreens Boots Alliance Inc,WBA
Electrolux AB,ELUXB
Fuji Media Holdings Inc,4676
Isuzu Motors Ltd,7202
Mitsubishi Corp,8058
CenturyLink Inc,CTL
NCR Corp,NCR
Cie de Saint-Gobain,SGO
TS Tech Co Ltd,7313
Hitachi Metals Ltd,5486
Anthem Inc,ANTM
Mitsui Mining & Smelting Co Ltd,5706
Sekisui House Ltd,1928
Toda Corp,1860
DGB Financial Group Inc,139130
Jardine Cycle & Carriage Ltd,JCNC
Hyundai Mobis Co Ltd,012330
LANXESS AG,LXS
Kerry Logistics Network Ltd,636
Sembcorp Industries Ltd,SCI
voestalpine AG,VOE
Qantas Airways Ltd,QAN
Electric Power Development Co Ltd,9513
Japan Petroleum Exploration Co Ltd,1662
Deutsche Bank AG,DBK
International Consolidated Airlines Group SA,IAG
S-Oil Corp,010950
Sun Art Retail Group Ltd,6808
GKN PLC,GKN
Japan Aviation Electronics Industry Ltd,6807
Brenntag AG,BNR
Mitsui & Co Ltd,8031
Shui On Land Ltd,272
Nipro Corp,8086
Kintetsu Group Holdings Co Ltd,9041
WH Group Ltd,288
Yamato Holdings Co Ltd,9064
Aramark,ARMK
Toyo Tire & Rubber Co Ltd,5105
Tyson Foods Inc,TSN
Izumi Co Ltd,8273
Tokio Marine Holdings Inc,8766
Nippo Corp,1881
Booker Group PLC,BOK
Yue Yuen Industrial Holdings Ltd,551
Acerinox SA,ACX
Jacobs Engineering Group Inc,JEC
Yamaha Motor Co Ltd,7272
Valeant Pharmaceuticals International Inc,VRX
Wesfarmers Ltd,WES
Zurich Insurance Group AG,ZURN
Air New Zealand Ltd,AIR
Sodexo SA,SW
Colruyt SA,COLR
Humana Inc,HUM
Alps Electric Co Ltd,6770
Delek Automotive Systems Ltd,DLEA
Toyota Motor Corp,7203
Swiss Re AG,SREN
EDP - Energias de Portugal SA,EDP
Sumitomo Heavy Industries Ltd,6302
Metro Inc,MRU
Nichirei Corp,2871
AGC Inc/Japan,5201
NN Group NV,NN
Foot Locker Inc,FL
Hannover Rueck SE,HNR1
Osaka Gas Co Ltd,9532
Wendel SA,MF
Deutsche Post AG,DPW
Daiwa House Industry Co Ltd,1925
Texwinca Holdings Ltd,321
Navient Corp,NAVI
CDW Corp/DE,CDW
CarMax Inc,KMX
Lotte Corp,004990
Welcia Holdings Co Ltd,3141
WorleyParsons Ltd,WOR
Gap Inc/The,GPS
Kewpie Corp,2809
Samsung C&T Corp,028260
Suzuki Motor Corp,7269
Ageas,AGS
Samsung Life Insurance Co Ltd,032830
JGC Corp,1963
Tokyo Gas Co Ltd,9531
Alcoa Corp,AA
Showa Denko KK,4004
Sony Corp,6758
Sprint Corp,S
Valeo SA,FR
Nufarm Ltd/Australia,NUF
Toray Industries Inc,3402
Great-West Lifeco Inc,GWO
John Wood Group PLC,WG/
BlueScope Steel Ltd,BSL
Nomura Real Estate Holdings Inc,3231
Cenovus Energy Inc,CVE
Shinsegae Inc,004170
Ebara Corp,6361
Ito En Ltd,2593
ANA Holdings Inc,9202
Seiko Epson Corp,6724
Allianz SE,ALV
Prudential Financial Inc,PRU
NSK Ltd,6471
FUJIFILM Holdings Corp,4901
OMV AG,OMV
Autobacs Seven Co Ltd,9832
CH Robinson Worldwide Inc,CHRW
Citizen Watch Co Ltd,7762
Kinden Corp,1944
Hotel Shilla Co Ltd,008770
Autoliv Inc,ALV
ANDRITZ AG,ANDR
TV Asahi Holdings Corp,9409
Mallinckrodt PLC,MNK
Assurant Inc,AIZ
Cie Plastic Omnium SA,POM
FamilyMart UNY Holdings Co Ltd,8028
Singapore Airlines Ltd,SIA
Nagoya Railroad Co Ltd,9048
Genuine Parts Co,GPC
Sanwa Holdings Corp,5929
Telefonica SA,TEF
Fukuyama Transporting Co Ltd,9075
Aoyama Trading Co Ltd,8219
Subaru Corp,7270
Baloise Holding AG,BALN
Hite Jinro Co Ltd,000080
Shimamura Co Ltd,8227
Arconic Inc,ARNC
Bollore SA,BOL
Sugi Holdings Co Ltd,7649
BNK Financial Group Inc,138930
TIS Inc,3626
Canadian Tire Corp Ltd,CTC/A
Galp Energia SGPS SA,GALP
Matsumotokiyoshi Holdings Co Ltd,3088
Seven & i Holdings Co Ltd,3382
Taisei Corp,1801
Advance Auto Parts Inc,AAP
Hella GmbH & Co KGaA,HLE
Lotte Chemical Corp,011170
Sumitomo Osaka Cement Co Ltd,5232
Ibiden Co Ltd,4062
AMP Ltd,AMP
Fujitsu General Ltd,6755
NTT Data Corp,9613
Coca-Cola Bottlers Japan Holdings Inc,2579
NongShim Co Ltd,004370
Maeda Road Construction Co Ltd,1883
Mitsubishi Electric Corp,6503
Bunzl PLC,BNZL
Hewlett Packard Enterprise Co,HPE
SKY Perfect JSAT Holdings Inc,9412
Asics Corp,7936
Old Mutual PLC,OML
MetLife Inc,MET
Teva Pharmaceutical Industries Ltd,TEVA
Siemens Gamesa Renewable Energy SA,SGRE
Melco International Development Ltd,200
Cosmos Pharmaceutical Corp,3349
COMSYS Holdings Corp,1721
Old Republic International Corp,ORI
Skylark Holdings Co Ltd,3197
Royal Dutch Shell PLC,RDSA
Sharp Corp/Japan,6753
Toho Gas Co Ltd,9533
Telefonaktiebolaget LM Ericsson,ERICB
Denka Co Ltd,4061
QBE Insurance Group Ltd,QBE
Benesse Holdings Inc,9783
NRG Energy Inc,NRG
Royal Dutch Shell PLC,RDSB
Sekisui Chemical Co Ltd,4204
Santander Consumer USA Holdings Inc,SC
Allstate Corp/The,ALL
Hitachi Construction Machinery Co Ltd,6305
Deutsche Telekom AG,DTE
Nippon Telegraph & Telephone Corp,9432
Vocus Group Ltd,VOC
OCI Co Ltd,010060
United Co RUSAL PLC,486
Voya Financial Inc,VOYA
RSA Insurance Group PLC,RSA
Viacom Inc,VIAB
Persol Holdings Co Ltd,2181
Orange SA,ORA
Hitachi Chemical Co Ltd,4217
Fuji Oil Holdings Inc,2607
Tosoh Corp,4042
Fairfax Financial Holdings Ltd,FFH
Delta Air Lines Inc,DAL
PCCW Ltd,8
Dufry AG,DUFN
TDK Corp,6762
Lintec Corp,7966
CSR Ltd,CSR
Tokyu Corp,9005
Volvo AB,VOLVB
DaVita Inc,DVA
Arkema SA,AKE
Orora Ltd,ORA
Aetna Inc,AET
Ain Holdings Inc,9627
Industrial Bank of Korea,024110
Hitachi High-Technologies Corp,8036
Denso Corp,6902
Daito Trust Construction Co Ltd,1878
Don Quijote Holdings Co Ltd,7532
Husky Energy Inc,HSE
Takara Holdings Inc,2531
CBRE Group Inc,CBRE
DS Smith PLC,SMDS
HeidelbergCement AG,HEI
TOTAL SA,FP
Fairfax Media Ltd,FXJ
Ferguson PLC,FERG
Taiyo Yuden Co Ltd,6976
Daicel Corp,4202
Woori Bank,000030
KCC Corp,002380
Nippon Shokubai Co Ltd,4114
Asahi Kasei Corp,3407
Unum Group,UNM
SNC-Lavalin Group Inc,SNC
Commerzbank AG,CBK
Brother Industries Ltd,6448
Cie Generale des Etablissements Michelin SCA,ML
J Front Retailing Co Ltd,3086
CRH PLC,CRH
Kyudenko Corp,1959
Evonik Industries AG,EVK
MAN SE,MAN
Continental AG,CON
Mitsubishi Gas Chemical Co Inc,4182
DXC Technology Co,DXC
Nucor Corp,NUE
Neste Oyj,NESTE
KB Financial Group Inc,105560
Orient Overseas International Ltd,316
Rolls-Royce Holdings PLC,RR/
Hankook Tire Co Ltd,161390
Atos SE,ATO
FedEx Corp,FDX
Dollar Tree Inc,DLTR
Endesa SA,ELE
SK Telecom Co Ltd,017670
Alstom SA,ALO
Bemis Co Inc,BMS
RPC Group PLC,RPC
Israel Chemicals Ltd,ICL
WestRock Co,WRK
Zeon Corp,4205
SKF AB,SKFB
Sundrug Co Ltd,9989
LG Chem Ltd,051910
SJM Holdings Ltd,880
West Japan Railway Co,9021
Taiyo Nippon Sanso Corp,4091
Getinge AB,GETIB
Airbus SE,AIR
Dollar General Corp,DG
Sega Sammy Holdings Inc,6460
Bridgestone Corp,5108
Hana Financial Group Inc,086790
International Paper Co,IP
Japan Steel Works Ltd/The,5631
MEIJI Holdings Co Ltd,2269
Ezaki Glico Co Ltd,2206
Universal Health Services Inc,UHS
Solvay SA,SOLB
XL Group Ltd,XL
BT Group PLC,BT/A
Origin Energy Ltd,ORG
Henry Schein Inc,HSIC
UnitedHealth Group Inc,UNH
Agrium Inc,AGU
SoftBank Group Corp,9984
Axis Capital Holdings Ltd,AXS
Japan Airlines Co Ltd,9201
Yara International ASA,YAR
Ajinomoto Co Inc,2802
Delek Group Ltd,DLEKG
Tate & Lyle PLC,TATE
Lowe's Cos Inc,LOW
News Corp,NWSA
PulteGroup Inc,PHM
Anglo American PLC,AAL
Lennar Corp,LEN
Brookfield Asset Management Inc,BAM/A
Johnson Electric Holdings Ltd,179
MINEBEA MITSUMI Inc,6479
Kuehne + Nagel International AG,KNIN
Kusuri no Aoki Holdings Co Ltd,3549
CSRA Inc,CSRA
Textron Inc,TXT
Shimachu Co Ltd,8184
Shinhan Financial Group Co Ltd,055550
FirstEnergy Corp,FE
Heineken Holding NV,HEIO
NS Solutions Corp,2327
Nikon Corp,7731
Canon Inc,7751
Mitsubishi Logistics Corp,9301
News Corp,NWS
Ferrovial SA,FER
Glory Ltd,6457
Interpublic Group of Cos Inc/The,IPG
Mattel Inc,MAT
BorgWarner Inc,BWA
Toyota Industries Corp,6201
Exelon Corp,EXC
Credit Saison Co Ltd,8253
WPP PLC,WPP
Norsk Hydro ASA,NHY
Newell Brands Inc,NWL
Stora Enso OYJ,STERV
Targa Resources Corp,TRGP
Hartford Financial Services Group Inc/The,HIG
Ushio Inc,6925
KION Group AG,KGX
Manulife Financial Corp,MFC
Siemens AG,SIE
AP Moller - Maersk A/S,MAERSKB
Suntory Beverage & Food Ltd,2587
Tingyi Cayman Islands Holding Corp,322
Toyo Suisan Kaisha Ltd,2875
Fresenius SE & Co KGaA,FRE
American International Group Inc,AIG
Sotetsu Holdings Inc,9003
DR Horton Inc,DHI
Omnicom Group Inc,OMC
Grupo Catalana Occidente SA,GCO
Vinci SA,DG
Cigna Corp,CI
Hanon Systems,018880
WR Berkley Corp,WRB
Wacoal Holdings Corp,3591
Tsuruha Holdings Inc,3391
Alaska Air Group Inc,ALK
Compass Group PLC,CPG
Tadano Ltd,6395
Tokyo Broadcasting System Holdings Inc,9401
CIMIC Group Ltd,CIM
Covestro AG,1COV
easyJet PLC,EZJ
Samsung Card Co Ltd,029780
Lincoln National Corp,LNC
Tractor Supply Co,TSCO
Seibu Holdings Inc,9024
Johnson Controls International plc,JCI
Nokia OYJ,NOKIA
LKQ Corp,LKQ
K+S AG,SDF
Kamigumi Co Ltd,9364
AP Moller - Maersk A/S,MAERSKA
JSR Corp,4185
Mosaic Co/The,MOS
Itochu Techno-Solutions Corp,4739
Telekom Austria AG,TKA
Samsung Electro-Mechanics Co Ltd,009150
OKUMA Corp,6103
SKY Network Television Ltd,SKT
Toll Brothers Inc,TOL
Otsuka Corp,4768
Medibank Pvt Ltd,MPL
ComfortDelGro Corp Ltd,CD
Sun Life Financial Inc,SLF
Progressive Corp/The,PGR
Nisshin Seifun Group Inc,2002
Asahi Group Holdings Ltd,2502
Discovery Inc,DISCK
Imperial Oil Ltd,IMO
Keihan Holdings Co Ltd,9045
DSV A/S,DSV
Nomura Holdings Inc,8604
Husqvarna AB,HUSQB
AGL Energy Ltd,AGL
MDU Resources Group Inc,MDU
Ally Financial Inc,ALLY
Provident Financial PLC,PFG
Huhtamaki OYJ,HUH1V
Hanesbrands Inc,HBI
Investec PLC,INVP
Credit Suisse Group AG,CSGN
Loews Corp,L
ING Groep NV,INGA
FNF Group,FNF
Aggreko PLC,AGK
Ottogi Corp,007310
Hyundai Department Store Co Ltd,069960
Ackermans & van Haaren NV,ACKB
LyondellBasell Industries NV,LYB
Uni-President China Holdings Ltd,220
Tobu Railway Co Ltd,9001
PVH Corp,PVH
Barratt Developments PLC,BDEV
Sohgo Security Services Co Ltd,2331
Zodiac Aerospace,ZC
Seagate Technology PLC,STX
T-Mobile US Inc,TMUS
House Foods Group Inc,2810
BASF SE,BAS
China Mengniu Dairy Co Ltd,2319
Travelers Cos Inc/The,TRV
Tokyo Tatemono Co Ltd,8804
LOTTE Fine Chemical Co Ltd,004000
Ball Corp,BLL
Christian Dior SE,CDI
Senshu Ikeda Holdings Inc,8714
Western Digital Corp,WDC
Coca-Cola Amatil Ltd,CCL
Eurazeo SA,RF
SEB SA,SK
Miraca Holdings Inc,4544
CenterPoint Energy Inc,CNP
Israel Discount Bank Ltd,DSCT
Clariant AG,CLN
Entergy Corp,ETR
Casio Computer Co Ltd,6952
Korea Zinc Co Ltd,010130
SCREEN Holdings Co Ltd,7735
Ashland Global Holdings Inc,ASH
Kirin Holdings Co Ltd,2503
Ulvac Inc,6728
Bandai Namco Holdings Inc,7832
Thales SA,HO
Robert Half International Inc,RHI
WW Grainger Inc,GWW
Hanssem Co Ltd,009240
North Pacific Bank Ltd,8524
Samsung Electronics Co Ltd,005930
Yamato Kogyo Co Ltd,5444
LafargeHolcim Ltd,LHN
Cobham PLC,COB
Ralph Lauren Corp,RL
ONEOK Inc,OKE
Vestas Wind Systems A/S,VWS
General Electric Co,GE
Principal Financial Group Inc,PFG
Polaris Industries Inc,PII
Hokuhoku Financial Group Inc,8377
Wacker Chemie AG,WCH
Publicis Groupe SA,PUB
Sumitomo Metal Mining Co Ltd,5713
Sulzer AG,SUN
Gemalto NV,GTO
Kuraray Co Ltd,3405
Orient Corp,8585
Iberdrola SA,IBE
Kyushu Railway Co,9142
Koito Manufacturing Co Ltd,7276
Cummins Inc,CMI
Raiffeisen Bank International AG,RBI
Imerys SA,NK
Yokogawa Electric Corp,6841
Barry Callebaut AG,BARN
AT&T Inc,T
Nihon Kohden Corp,6849
Suncorp Group Ltd,SUN
Azbil Corp,6845
Nifco Inc/Japan,7988
AEON Financial Service Co Ltd,8570
Keio Corp,9008
Sa Sa International Holdings Ltd,178
Nippon Electric Glass Co Ltd,5214
NGK Spark Plug Co Ltd,5334
Sawai Pharmaceutical Co Ltd,4555
TEGNA Inc,TGNA
East Japan Railway Co,9020
Bezeq The Israeli Telecommunication Corp Ltd,BEZQ
Nishi-Nippon Financial Holdings Inc,7189
ABN AMRO Group NV,ABN
Orica Ltd,ORI
Hankyu Hanshin Holdings Inc,9042
Freeport-McMoRan Inc,FCX
Kubota Corp,6326
Alleghany Corp,Y
Hennes & Mauritz AB,HMB
Vodafone Group PLC,VOD
Banco de Sabadell SA,SAB
Devon Energy Corp,DVN
TJX Cos Inc/The,TJX
LG Corp,003550
Harley-Davidson Inc,HOG
Avery Dennison Corp,AVY
CNA Financial Corp,CNA
UPM-Kymmene OYJ,UPM
Coty Inc,COTY
KDDI Corp,9433
Saputo Inc,SAP
Morinaga & Co Ltd/Japan,2201
Intact Financial Corp,IFC
Nankai Electric Railway Co Ltd,9044
Edgewell Personal Care Co,EPC
Daily Mail & General Trust PLC,DMGT
KYORIN Holdings Inc,4569
Darden Restaurants Inc,DRI
Sky PLC,SKY
Amcor Ltd/Australia,AMC
Eastman Chemical Co,EMN
FP Corp,7947
Direct Line Insurance Group PLC,DLG
Exxon Mobil Corp,XOM
Fresenius Medical Care AG & Co KGaA,FME
Strauss Group Ltd,STRS
L3 Technologies Inc,LLL
Komatsu Ltd,6301
NHN Entertainment Corp,181710
DISH Network Corp,DISH
SCANA Corp,SCG
Herbalife Nutrition Ltd,HLF
Coca-Cola European Partners PLC,CCE
Enbridge Inc,ENB
Proximus SADP,PROX
Everest Re Group Ltd,RE
William Hill PLC,WMH
Fortescue Metals Group Ltd,FMG
GEA Group AG,G1A
Sumitomo Dainippon Pharma Co Ltd,4506
CyberAgent Inc,4751
Flowserve Corp,FLS
Capital One Financial Corp,COF
CK Hutchison Holdings Ltd,1
Societe Generale SA,GLE
Ramsay Health Care Ltd,RHC
SCSK Corp,9719
Venture Corp Ltd,VMS
Healthscope Ltd,HSO
Under Armour Inc,UAA
Deere & Co,DE
Mochida Pharmaceutical Co Ltd,4534
PG&E Corp,PCG
Mondi PLC,MNDI
Heiwa Corp,6412
SBI Holdings Inc/Japan,8473
GrandVision NV,GVNV
KEPCO Plant Service & Engineering Co Ltd,051600
Boskalis Westminster,BOKA
Lion Corp,4912
DTE Energy Co,DTE
Dentsu Inc,4324
ABB Ltd,ABBN
United Parcel Service Inc,UPS
Aptiv PLC,APTV
Rinnai Corp,5947
Swire Pacific Ltd,19
Mitsui Fudosan Co Ltd,8801
NGK Insulators Ltd,5333
MTU Aero Engines AG,MTX
NOF Corp,4403
Omron Corp,6645
Dover Corp,DOV
Bellway PLC,BWY
Sumitomo Mitsui Financial Group Inc,8316
M1 Ltd/Singapore,M1
Cafe de Coral Holdings Ltd,341
Nissin Foods Holdings Co Ltd,2897
TOTO Ltd,5332
Juroku Bank Ltd/The,8356
Resorttrust Inc,4681
Mizuho Financial Group Inc,8411
Sembcorp Marine Ltd,SMM
Aflac Inc,AFL
Odakyu Electric Railway Co Ltd,9007
Ingredion Inc,INGR
bpost SA,BPOST
Hitachi Kokusai Electric Inc,6756
OSRAM Licht AG,OSR
Telstra Corp Ltd,TLS
Rakuten Inc,4755
Koninklijke DSM NV,DSM
Coca-Cola HBC AG,CCH
Stanley Electric Co Ltd,6923
DuluxGroup Ltd,DLX
Verizon Communications Inc,VZ
Metso OYJ,METSO
Kagome Co Ltd,2811
Aica Kogyo Co Ltd,4206
VTech Holdings Ltd,303
RTL Group SA,RRTL
Leggett & Platt Inc,LEG
Ingersoll-Rand PLC,IR
Nippon Kayaku Co Ltd,4272
Stericycle Inc,SRCL
Boliden AB,BOL
Singapore Technologies Engineering Ltd,STE
Akzo Nobel NV,AKZA
Barclays PLC,BARC
Shinsei Bank Ltd,8303
Chow Tai Fook Jewellery Group Ltd,1929
Boral Ltd,BLD
Japan Airport Terminal Co Ltd,9706
Westlake Chemical Corp,WLK
Sumitomo Mitsui Trust Holdings Inc,8309
Southwest Airlines Co,LUV
Horiba Ltd,6856
ProSiebenSat.1 Media SE,PSM
Schneider Electric SE,SU
Laboratory Corp of America Holdings,LH
Synchrony Financial,SYF
Mediclinic International PLC,MDC
United Technologies Corp,UTX
Kyocera Corp,6971
Daikin Industries Ltd,6367
Molson Coors Brewing Co,TAP
Topcon Corp,7732
UBS Group AG,UBSG
Kerry Properties Ltd,683
Shun Tak Holdings Ltd,242
Expeditors International of Washington Inc,EXPD
S-1 Corp,012750
Yuhan Corp,000100
Telefonica Deutschland Holding AG,O2D
AerCap Holdings NV,AER
Western Union Co/The,WU
Amada Holdings Co Ltd,6113
AMOREPACIFIC Group,002790
Tabcorp Holdings Ltd,TAH
Mitsubishi UFJ Financial Group Inc,8306
Kurita Water Industries Ltd,6370
Elbit Systems Ltd,ESLT
Wheelock & Co Ltd,20
Aeon Mall Co Ltd,8905
CBS Corp,CBS
Alliance Data Systems Corp,ADS
NiSource Inc,NI
Hikari Tsushin Inc,9435
Range Resources Corp,RRC
Park24 Co Ltd,4666
Next PLC,NXT
Packaging Corp of America,PKG
NWS Holdings Ltd,659
Eaton Corp PLC,ETN
Mylan NV,MYL
Banco Santander SA,SAN
Trelleborg AB,TRELB
First International Bank Of Israel Ltd,FTIN
Pentair PLC,PNR
JB Hunt Transport Services Inc,JBHT
Campbell Soup Co,CPB
Koninklijke Philips NV,PHIA
Danone SA,BN
Samsonite International SA,1910
Incitec Pivot Ltd,IPL
Teleperformance,TEP
Bendigo & Adelaide Bank Ltd,BEN
Samsung SDS Co Ltd,018260
MGM Resorts International,MGM
Carlsberg A/S,CARLB
Kellogg Co,K
Techtronic Industries Co Ltd,669
Daiwa Securities Group Inc,8601
International Business Machines Corp,IBM
Chevron Corp,CVX
JM Smucker Co/The,SJM
Tele2 AB,TEL2B
THK Co Ltd,6481
NVR Inc,NVR
Crescent Point Energy Corp,CPG
adidas AG,ADS
Nitto Denko Corp,6988
Parker-Hannifin Corp,PH
L'Occitane International SA,973
Stanley Black & Decker Inc,SWK
Olympus Corp,7733
Lockheed Martin Corp,LMT
BNP Paribas SA,BNP
Daishi Bank Ltd/The,8324
Contact Energy Ltd,CEN
StarHub Ltd,STH
Kansai Paint Co Ltd,4613
Nabtesco Corp,6268
Arthur J Gallagher & Co,AJG
Quest Diagnostics Inc,DGX
Banco Bilbao Vizcaya Argentaria SA,BBVA
Fortune Brands Home & Security Inc,FBHS
Koninklijke KPN NV,KPN
Keikyu Corp,9006
Sonic Healthcare Ltd,SHL
HUGO BOSS AG,BOSS
Marui Group Co Ltd,8252
Edison International,EIX
Maruichi Steel Tube Ltd,5463
IMI PLC,IMI
Daifuku Co Ltd,6383
Antero Resources Corp,AR
Insurance Australia Group Ltd,IAG
Erste Group Bank AG,EBS
Aiful Corp,8515
OSG Corp,6136
Spark New Zealand Ltd,SPK
Flight Centre Travel Group Ltd,FLT
Berkeley Group Holdings PLC,BKG
Relo Group Inc,8876
Wharf Holdings Ltd/The,4
Acuity Brands Inc,AYI
CGI Group Inc,GIB/A
Secom Co Ltd,9735
Sealed Air Corp,SEE
National Oilwell Varco Inc,NOV
Star Entertainment Grp Ltd/The,SGR
Raymond James Financial Inc,RJF
Sumitomo Realty & Development Co Ltd,8830
General Mills Inc,GIS
Semiconductor Manufacturing International Corp,981
Michael Kors Holdings Ltd,KORS
Glanbia PLC,GLB
Hutchison Telecommunications Hong Kong Holdings Ltd,215
Boeing Co/The,BA
Mebuki Financial Group Inc,7167
New World Development Co Ltd,17
Smiths Group PLC,SMIN
Mizrahi Tefahot Bank Ltd,MZTF
Ameriprise Financial Inc,AMP
Expedia Group Inc,EXPE
Kikkoman Corp,2801
Hormel Foods Corp,HRL
Hikma Pharmaceuticals PLC,HIK
PPG Industries Inc,PPG
South32 Ltd,S32
Mohawk Industries Inc,MHK
Liberty Global PLC,LBTYK
Nielsen Holdings PLC,NLSN
Inpex Corp,1605
Royal Bank of Scotland Group PLC,RBS
Bank Hapoalim BM,POLI
CMS Energy Corp,CMS
Axel Springer SE,SPR
Berkshire Hathaway Inc,BRK/A
Weir Group PLC/The,WEIR
Kissei Pharmaceutical Co Ltd,4547
Barrick Gold Corp,ABX
DST Systems Inc,DST
United Rentals Inc,URI
Bank Leumi Le-Israel BM,LUMI
Juniper Networks Inc,JNPR
Rohto Pharmaceutical Co Ltd,4527
Ingenico Group SA,ING
Ross Stores Inc,ROST
General Dynamics Corp,GD
SK Hynix Inc,000660
Yamaha Corp,7951
TPG Telecom Ltd,TPM
DowDuPont Inc,DWDP
Yum China Holdings Inc,YUMC
Bureau Veritas SA,BVI
Liberty Global PLC,LBTYA
Societe BIC SA,BB
Keiyo Bank Ltd/The,8544
Shiga Bank Ltd/The,8366
Sandvik AB,SAND
Halliburton Co,HAL
Southern Co/The,SO
Orpea,ORP
Tower Semiconductor Ltd,TSEM
San-In Godo Bank Ltd/The,8381
Chubb Ltd,CB
TELUS Corp,T
Consolidated Edison Inc,ED
Comcast Corp,CMCSA
Fukuoka Financial Group Inc,8354
Korea Investment Holdings Co Ltd,071050
Resona Holdings Inc,8308
Towngas China Co Ltd,1083
Calbee Inc,2229
Xcel Energy Inc,XEL
Singapore Post Ltd,SPOST
Jyske Bank A/S,JYSK
Northrop Grumman Corp,NOC
Home Depot Inc/The,HD
Korea Aerospace Industries Ltd,047810
Telenor ASA,TEL
Orkla ASA,ORK
Wabtec Corp/DE,WAB
Morgan Stanley,MS
Telia Co AB,TELIA
Charter Communications Inc,CHTR
Marine Harvest ASA,MHG
Mirae Asset Daewoo Co Ltd,006800
Bank of Ireland Group PLC,BIRG
Hydro One Ltd,H
Hospitality Properties Trust,HPT
CYBG PLC,CYBG
ABC-Mart Inc,2670
Twenty-First Century Fox Inc,FOX
Shimadzu Corp,7701
ITV PLC,ITV
Marriott International Inc/MD,MAR
Ansell Ltd,ANN
NTT DOCOMO Inc,9437
Micron Technology Inc,MU
National Grid PLC,NG/
Whitehaven Coal Ltd,WHC
Swisscom AG,SCMN
Twenty-First Century Fox Inc,FOXA
Square Enix Holdings Co Ltd,9684
JCDecaux SA,DEC
Samsung SDI Co Ltd,006400
Cincinnati Financial Corp,CINF
Bank of Queensland Ltd,BOQ
Keppel Corp Ltd,KEP
Fortis Inc/Canada,FTS
Otsuka Holdings Co Ltd,4578
NTT Urban Development Corp,8933
Nippon Paint Holdings Co Ltd,4612
Fast Retailing Co Ltd,9983
Chipotle Mexican Grill Inc,CMG
77 Bank Ltd/The,8341
Whitbread PLC,WTB
Kyushu Financial Group Inc,7180
Kimberly-Clark Corp,KMB
Daiichi Sankyo Co Ltd,4568
Advantest Corp,6857
Daiichikosho Co Ltd,7458
Natixis SA,KN
Henkel AG & Co KGaA,HEN
Wartsila OYJ Abp,WRT1V
Citigroup Inc,C
Air Liquide SA,AI
American Electric Power Co Inc,AEP
IQVIA Holdings Inc,IQV
CF Industries Holdings Inc,CF
Central Japan Railway Co,9022
Pennon Group PLC,PNN
Canadian Imperial Bank of Commerce,CM
Arch Capital Group Ltd,ACGL
Schindler Holding AG,SCHP
Republic Services Inc,RSG
Bank of Montreal,BMO
Gazit-Globe Ltd,GZT
Schindler Holding AG,SCHN
Safran SA,SAF
BCE Inc,BCE
Raytheon Co,RTN
Hutchison Port Holdings Trust,HPHT
Vivendi SA,VIV
Hasbro Inc,HAS
Hiroshima Bank Ltd/The,8379
Ameren Corp,AEE
Rogers Communications Inc,RCI/B
Tryg A/S,TRYG
Snap-on Inc,SNA
Aplus Financial Co Ltd,8589
Iliad SA,ILD
Melrose Industries PLC,MRO
National Bank of Canada,
Heineken NV,HEIA
Inmarsat PLC,ISAT
Goldman Sachs Group Inc/The,GS
Keisei Electric Railway Co Ltd,9009
Gunma Bank Ltd/The,8334
Yamaguchi Financial Group Inc,8418
CLP Holdings Ltd,2
Discover Financial Services,DFS
Xinyi Solar Holdings Ltd,968
American Express Co,AXP
GlaxoSmithKline PLC,GSK
Rentokil Initial PLC,RTO
Gree Inc,3632
Nuance Communications Inc,NUAN
Australia & New Zealand Banking Group Ltd,ANZ
Tokai Tokyo Financial Holdings Inc,8616
Pilot Corp,7846
Capcom Co Ltd,9697
Tsumura & Co,4540
ConocoPhillips,COP
O'Reilly Automotive Inc,ORLY
Norwegian Cruise Line Holdings Ltd,NCLH
Harvey Norman Holdings Ltd,HVN
Shochiku Co Ltd,9601
DeNA Co Ltd,2432
STMicroelectronics NV,STM
Kerry Group PLC,KYG
Brambles Ltd,BXB
Suncor Energy Inc,SU
Macquarie Group Ltd,MQG
Alfa Laval AB,ALFA
Torchmark Corp,TMK
OCI NV,OCI
FUCHS PETROLUB SE,FPE
VF Corp,VFC
Murphy Oil Corp,MUR
Astellas Pharma Inc,4503
Shiseido Co Ltd,4911
Persimmon PLC,PSN
Perrigo Co PLC,PRGO
Orion Holdings Corp,001800
Kaken Pharmaceutical Co Ltd,4521
Tatts Group Ltd,TTS
Accenture PLC,ACN
Mitsubishi Estate Co Ltd,8802
GungHo Online Entertainment Inc,3765
Celanese Corp,CE
National Australia Bank Ltd,NAB
Time Warner Inc,TWX
Duke Energy Corp,DUK
TE Connectivity Ltd,TEL
Henkel AG & Co KGaA,HEN3
Canadian Utilities Ltd,CU
Unilever PLC,ULVR
Bayer AG,BAYN
Mondelez International Inc,MDLZ
Gjensidige Forsikring ASA,GJF
Zalando SE,ZAL
Chugoku Bank Ltd/The,8382
Eversource Energy,ES
Amdocs Ltd,DOX
Sherwin-Williams Co/The,SHW
Hachijuni Bank Ltd/The,8359
Kao Corp,4452
Unilever NV,UNA
Ulta Beauty Inc,ULTA
Waste Management Inc,WM
Ryohin Keikaku Co Ltd,7453
Paradise Co Ltd,034230
PepsiCo Inc,PEP
COLOPL Inc,3668
Kone OYJ,KNEBV
Merlin Entertainments PLC,MERL
Hitachi Capital Corp,8586
Iron Mountain Inc,IRM
Takeda Pharmaceutical Co Ltd,4502
Merck KGaA,MRK
CIT Group Inc,CIT
Orsted A/S,ORSTED
Sempra Energy,SRE
Samsung Securities Co Ltd,016360
Santos Ltd,STO
Groupe Bruxelles Lambert SA,GBLB
Avangrid Inc,AGR
Lloyds Banking Group PLC,LLOY
Markel Corp,MKL
Yaskawa Electric Corp,6506
Sanofi,SAN
Tapestry Inc,TPR
Willis Towers Watson PLC,WLTW
Danske Bank A/S,DANSKE
Iyo Bank Ltd/The,8385
Assa Abloy AB,ASSAB
Mabuchi Motor Co Ltd,6592
Pinnacle West Capital Corp,PNW
Broadridge Financial Solutions Inc,BR
United Internet AG,UTDI
Recruit Holdings Co Ltd,6098
FUCHS PETROLUB SE,FPE3
Bank of Nova Scotia/The,BNS
Keysight Technologies Inc,KEYS
Rio Tinto Ltd,RIO
WEC Energy Group Inc,WEC
Hoshizaki Corp,6465
ASM Pacific Technology Ltd,522
Atlas Copco AB,ATCOB
Nomura Research Institute Ltd,4307
Liberty Media Corp-Liberty SiriusXM,LSXMK
BHP Billiton PLC,BLT
Liberty Media Corp-Liberty SiriusXM,LSXMA
Anadarko Petroleum Corp,APC
Xylem Inc/NY,XYL
Host Hotels & Resorts Inc,HST
NetApp Inc,NTAP
Fraport AG Frankfurt Airport Services Worldwide,FRA
Invesco Ltd,IVZ
Corning Inc,GLW
Xinyi Glass Holdings Ltd,868
UCB SA,UCB
Polymetal International PLC,POLY
McCormick & Co Inc/MD,MKC
Shaw Communications Inc,SJR/B
RenaissanceRe Holdings Ltd,RNR
LG Household & Health Care Ltd,051900
Unicharm Corp,8113
Public Service Enterprise Group Inc,PEG
AIA Group Ltd,1299
Carnival PLC,CCL
Television Broadcasts Ltd,511
Carnival Corp,CCL
Lawson Inc,2651
Wolters Kluwer NV,WKL
Crown Resorts Ltd,CWN
Murata Manufacturing Co Ltd,6981
Toho Co Ltd/Tokyo,9602
Emerson Electric Co,EMR
Adelaide Brighton Ltd,ABC
Wynn Resorts Ltd,WYNN
Apache Corp,APA
Westpac Banking Corp,WBC
Nestle SA,NESN
Mercury NZ Ltd,MCY
Newmont Mining Corp,NEM
Burberry Group PLC,BRBY
Severn Trent PLC,SVT
Ashtead Group PLC,AHT
NH Investment & Securities Co Ltd,005940
Coway Co Ltd,021240
Taisho Pharmaceutical Holdings Co Ltd,4581
Miura Co Ltd,6005
Rockwell Collins Inc,COL
Honeywell International Inc,HON
ORIX Corp,8591
KBC Group NV,KBC
OZ Minerals Ltd,OZL
Concordia Financial Group Ltd,7186
Schibsted ASA,SCHB
Sanrio Co Ltd,8136
Swatch Group AG/The,UHR
SKYCITY Entertainment Group Ltd,SKC
ALS Ltd,ALQ
SUMCO Corp,3436
Cintas Corp,CTAS
Alliant Energy Corp,LNT
Clorox Co/The,CLX
Awa Bank Ltd/The,8388
Dah Sing Financial Holdings Ltd,440
Wells Fargo & Co,WFC
Hilton Worldwide Holdings Inc,HLT
Antofagasta PLC,ANTO
Royal Bank of Canada,RY
Makita Corp,6586
Rohm Co Ltd,6963
Acom Co Ltd,8572
Fifth Third Bancorp,FITB
Ecolab Inc,ECL
Harris Corp,HRS
City Developments Ltd,CIT
Bank of America Corp,BAC
Ryanair Holdings PLC,RYA
Walt Disney Co/The,DIS
Japan Tobacco Inc,2914
MISUMI Group Inc,9962
Eurofins Scientific SE,ERF
Hess Corp,HES
Hershey Co/The,HSY
Williams Cos Inc/The,WMB
SGS SA,SGSN
ConvaTec Group PLC,CTEC
KT&G Corp,033780
Kinder Morgan Inc/DE,KMI
Toronto-Dominion Bank/The,TD
Symrise AG,SY1
Royal Caribbean Cruises Ltd,RCL
Hang Lung Group Ltd,10
Intertek Group PLC,ITRK
NIKE Inc,NKE
Nordea Bank AB,NDA
Total System Services Inc,TSS
Aurizon Holdings Ltd,AZJ
BHP Billiton Ltd,BHP
Mitsubishi Tanabe Pharma Corp,4508
Atlas Copco AB,ATCOA
Marsh & McLennan Cos Inc,MMC
Zimmer Biomet Holdings Inc,ZBH
PPL Corp,PPL
Shougang Fushan Resources Group Ltd,639
Schibsted ASA,SCHA
Chiba Bank Ltd/The,8331
Meridian Energy Ltd,MEL
Shire PLC,SHP
LVMH Moet Hennessy Louis Vuitton SE,MC
KeyCorp,KEY
Beiersdorf AG,BEI
Cognizant Technology Solutions Corp,CTSH
Tiffany & Co,TIF
Shizuoka Bank Ltd/The,8355
Legrand SA,LR
Pandora A/S,PNDORA
Skandinaviska Enskilda Banken AB,SEBA
Mediaset Espana Comunicacion SA,TL5
Canadian Natural Resources Ltd,CNQ
Skandinaviska Enskilda Banken AB,SEBC
Marathon Oil Corp,MRO
Schlumberger Ltd,SLB
Scripps Networks Interactive Inc,SNI
Yahoo Japan Corp,4689
Kering SA,KER
United Utilities Group PLC,UU/
Thomson Reuters Corp,TRI
Tokyo Electron Ltd,8035
Newfield Exploration Co,NFX
Restaurant Brands International Inc,QSR
Computershare Ltd,CPU
Citizens Financial Group Inc,CFG
Hulic Co Ltd,3003
State Street Corp,STT
Great Eagle Holdings Ltd,41
Commonwealth Bank of Australia,CBA
Nokian Renkaat OYJ,NRE1V
SunTrust Banks Inc,STI
Konami Holdings Corp,9766
Eutelsat Communications SA,ETL
AusNet Services,AST
China Travel International Investment Hong Kong Ltd,308
Qorvo Inc,QRVO
BOC Aviation Ltd,2588
Essilor International Cie Generale d'Optique SA,EI
Elisa OYJ,ELISA
Vifor Pharma AG,VIFN
Suruga Bank Ltd,8358
IOOF Holdings Ltd,IFL
IGM Financial Inc,IGM
JPMorgan Chase & Co,JPM
IAC/InterActiveCorp,IAC
Allegion PLC,ALLE
Abertis Infraestructuras SA,ABE
Noble Energy Inc,NBL
Nidec Corp,6594
SATS Ltd,SATS
Lam Research Corp,LRCX
Eisai Co Ltd,4523
Church & Dwight Co Inc,CHD
DENTSPLY SIRONA Inc,XRAY
International Flavors & Fragrances Inc,IFF
Terumo Corp,4543
Fastenal Co,FAST
Procter & Gamble Co/The,PG
Smith & Nephew PLC,SN/
Lonza Group AG,LONN
Huntington Bancshares Inc/OH,HBAN
BB&T Corp,BBT
Singapore Telecommunications Ltd,ST
Goldcorp Inc,G
SIA Engineering Co Ltd,SIE
Shangri-La Asia Ltd,69
Annaly Capital Management Inc,NLY
Santen Pharmaceutical Co Ltd,4536
Regions Financial Corp,RF
Dah Sing Banking Group Ltd,2356
Bank of New York Mellon Corp/The,BK
Kraft Heinz Co/The,KHC
Yakult Honsha Co Ltd,2267
Intel Corp,INTC
Martin Marietta Materials Inc,MLM
Gentex Corp,GNTX
Bank of East Asia Ltd/The,23
Baxter International Inc,BAX
Helmerich & Payne Inc,HP
DNB ASA,DNB
New York Community Bancorp Inc,NYCB
Gartner Inc,IT
Shin-Etsu Chemical Co Ltd,4063
Franklin Resources Inc,BEN
Singapore Press Holdings Ltd,SPH
Tourmaline Oil Corp,TOU
Minth Group Ltd,425
Kose Corp,4922
Nitori Holdings Co Ltd,9843
Pembina Pipeline Corp,PPL
CI Financial Corp,CIX
Potash Corp of Saskatchewan Inc,POT
Informa PLC,INF
Nissan Chemical Corp,4021
Fidelity National Information Services Inc,FIS
Infineon Technologies AG,IFX
Fortum OYJ,FORTUM
Challenger Ltd/Australia,CGF
Garmin Ltd,GRMN
Bankinter SA,BKT
EDP Renovaveis SA,EDPR
Mitsubishi UFJ Lease & Finance Co Ltd,8593
Amazon.com Inc,AMZN
Julius Baer Group Ltd,BAER
United Overseas Bank Ltd,UOB
Starbucks Corp,SBUX
Hologic Inc,HOLX
Danaher Corp,DHR
Monsanto Co,MON
EQT Corp,EQT
Rockwell Automation Inc,ROK
Stockland,SGP
Aon PLC,AON
Industria de Diseno Textil SA,ITX
Abbott Laboratories,ABT
Tokyo Century Corp,8439
Seven Bank Ltd,8410
Bankia SA,BKIA
People's United Financial Inc,PBCT
Koninklijke Vopak NV,VPK
Brown & Brown Inc,BRO
Symantec Corp,SYMC
Applied Materials Inc,AMAT
Illinois Tool Works Inc,ITW
Trimble Inc,TRMB
Weyerhaeuser Co,WY
Gilead Sciences Inc,GILD
Investment AB Latour,LATOB
Amundi SA,AMUN
US Bancorp,USB
Estee Lauder Cos Inc/The,EL
Zions Bancorporation,ZION
Apple Inc,AAPL
TransCanada Corp,TRP
Amorepacific Corp,090430
UOL Group Ltd,UOL
Praxair Inc,PX
Newcrest Mining Ltd,NCM
L E Lundbergforetagen AB,LUNDB
Dominion Energy Inc,D
TripAdvisor Inc,TRIP
Roche Holding AG,ROG
Medtronic PLC,MDT
Wynn Macau Ltd,1128
Norfolk Southern Corp,NSC
Sampo Oyj,SAMPO
Domino's Pizza Enterprises Ltd,DMP
Pernod Ricard SA,RI
Pola Orbis Holdings Inc,4927
Varian Medical Systems Inc,VAR
Roche Holding AG,RO
Haitong International Securities Group Ltd,665
Amphenol Corp,APH
AstraZeneca PLC,AZN
Fortive Corp,FTV
Thermo Fisher Scientific Inc,TMO
Investor AB,INVEB
QUALCOMM Inc,QCOM
Eli Lilly & Co,LLY
Huabao International Holdings Ltd,336
PNC Financial Services Group Inc/The,PNC
AMETEK Inc,AME
Frutarom Industries Ltd,FRUT
Cie Financiere Richemont SA,CFR
Novartis AG,NOVN
Grifols SA,GRF
Becton Dickinson and Co,BDX
William Demant Holding A/S,WDH
Anheuser-Busch InBev SA/NV,ABI
Svenska Handelsbanken AB,SHBA
Paddy Power Betfair PLC,PPB
Mirvac Group,MGR
CK Asset Holdings Ltd,1113
Oversea-Chinese Banking Corp Ltd,OCBC
Kobayashi Pharmaceutical Co Ltd,4967
Cisco Systems Inc,CSCO
Aozora Bank Ltd,8304
Northern Trust Corp,NTRS
HSBC Holdings PLC,HSBA
AGNC Investment Corp,AGNC
Allergan PLC,AGN
Givaudan SA,GIVN
Svenska Handelsbanken AB,SHBB
Micro Focus International PLC,MCRO
Kangwon Land Inc,035250
L'Oreal SA,OR
Hisamitsu Pharmaceutical Co Inc,4530
Merck & Co Inc,MRK
Pfizer Inc,PFE
SES SA,SESG
ARC Resources Ltd,ARX
Waste Connections Inc,WCN
Inter Pipeline Ltd,IPL
Automatic Data Processing Inc,ADP
FMC Corp,FMC
Chocoladefabriken Lindt & Spruengli AG,LISN
Sankyo Co Ltd,6417
Sonova Holding AG,SOON
BioMerieux,BIM
APA Group,APA
Air Products & Chemicals Inc,APD
Lifestyle International Holdings Ltd,1212
Croda International PLC,CRDA
NXP Semiconductors NV,NXPI
3M Co,MMM
Perpetual Ltd,PPT
DBS Group Holdings Ltd,DBS
Swedbank AB,SWEDA
Lululemon Athletica Inc,LULU
Enagas SA,ENG
Nice Ltd,NICE
H Lundbeck A/S,LUN
Iluka Resources Ltd,ILU
Global Payments Inc,GPN
Cerner Corp,CERN
Vulcan Materials Co,VMC
F5 Networks Inc,FFIV
Fielmann AG,FIE
Bank of Kyoto Ltd/The,8369
Reckitt Benckiser Group PLC,RB/
NextEra Energy Inc,NEE
Marvell Technology Group Ltd,MRVL
Orion Oyj,ORNBV
Akamai Technologies Inc,AKAM
Albemarle Corp,ALB
eBay Inc,EBAY
Boston Scientific Corp,BSX
Hirose Electric Co Ltd,6806
Las Vegas Sands Corp,LVS
Equifax Inc,EFX
Shimano Inc,7309
Occidental Petroleum Corp,OXY
M&T Bank Corp,MTB
RELX NV,REN
Kansas City Southern,KSU
KLA-Tencor Corp,KLAC
Sage Group PLC/The,SGE
Affiliated Managers Group Inc,AMG
American Water Works Co Inc,AWK
Hoya Corp,7741
Sun Hung Kai Properties Ltd,16
CSX Corp,CSX
RELX PLC,REL
Kinnevik AB,KINVB
Kakao Corp,035720
Macau Legend Development Ltd,1680
Agnico Eagle Mines Ltd,AEM
Synopsys Inc,SNPS
Spirax-Sarco Engineering PLC,SPX
Experian PLC,EXPN
Comerica Inc,CMA
Treasury Wine Estates Ltd,TWE
Hamamatsu Photonics KK,6965
Agilent Technologies Inc,A
SAP SE,SAP
Melisron Ltd,MLSR
Johnson & Johnson,JNJ
Hexagon AB,HEXAB
Stryker Corp,SYK
Tesla Inc,TSLA
Bristol-Myers Squibb Co,BMY
Union Pacific Corp,UNP
Intu Properties PLC,INTU
MTR Corp Ltd,66
Commerce Bancshares Inc/MO,CBSH
Red Electrica Corp SA,REE
Citrix Systems Inc,CTXS
Aeroports de Paris,ADP
Sartorius AG,SRT3
Remy Cointreau SA,RCO
Pioneer Natural Resources Co,PXD
Nippon Shinyaku Co Ltd,4516
Dongsuh Cos Inc,026960
Canadian Pacific Railway Ltd,CP
Admiral Group PLC,ADM
British American Tobacco PLC,BATS
MGM China Holdings Ltd,2282
NAVER Corp,035420
Ipsen SA,IPN
Skyworks Solutions Inc,SWKS
SMC Corp/Japan,6273
Disco Corp,6146
Woodside Petroleum Ltd,WPL
BOC Hong Kong Holdings Ltd,2388
Oracle Corp,ORCL
T Rowe Price Group Inc,TROW
First Republic Bank/CA,FRC
Cooper Cos Inc/The,COO
Diageo PLC,DGE
MonotaRO Co Ltd,3064
Coca-Cola Co/The,KO
Ariake Japan Co Ltd,2815
Pigeon Corp,7956
Biogen Inc,BIIB
Welltower Inc,WELL
Corp Financiera Alba SA,ALB
Cimarex Energy Co,XEC
Shionogi & Co Ltd,4507
Microchip Technology Inc,MCHP
AbbVie Inc,ABBV
Zardoya Otis SA,ZOT
Ono Pharmaceutical Co Ltd,4528
NMC Health PLC,NMC
EOG Resources Inc,EOG
Constellation Software Inc/Canada,CSU
Amadeus IT Group SA,AMS
Nasdaq Inc,NDAQ
Chugai Pharmaceutical Co Ltd,4519
Southern Copper Corp,SCCO
VEREIT Inc,VER
Trend Micro Inc/Japan,4704
Banque Cantonale Vaudoise,BCVN
Fiserv Inc,FISV
Guotai Junan International Holdings Ltd,1788
Geberit AG,GEBN
Sands China Ltd,1928
Jazz Pharmaceuticals PLC,JAZZ
Constellation Brands Inc,STZ
Swiss Prime Site AG,SPSN
Amgen Inc,AMGN
E*TRADE Financial Corp,ETFC
LINE Corp,3938
NCSoft Corp,036570
ResMed Inc,RMD
Mettler-Toledo International Inc,MTD
Ventas Inc,VTR
Sartorius Stedim Biotech,DIM
Getlink,GET
3i Group PLC,III
Canadian National Railway Co,CNR
Wing Tai Holdings Ltd,WINGT
BlackBerry Ltd,BB
Roper Technologies Inc,ROP
Jafco Co Ltd,8595
SEEK Ltd,SEK
Nexon Co Ltd,3659
Analog Devices Inc,ADI
Hanmi Pharm Co Ltd,128940
Aristocrat Leisure Ltd,ALL
Sino Land Co Ltd,83
Kimco Realty Corp,KIM
Genting Singapore Ltd,GENS
CR Bard Inc,BCR
Nintendo Co Ltd,7974
Continental Resources Inc/OK,CLR
Airport City Ltd,ARPT
Oracle Corp Japan,4716
Oil Search Ltd,OSH
Vornado Realty Trust,VNO
Altria Group Inc,MO
HCP Inc,HCP
Aena SME SA,AENA
Cellnex Telecom SA,CLNX
Hang Seng Bank Ltd,11
BlackRock Inc,BLK
Maxim Integrated Products Inc,MXIM
SL Green Realty Corp,SLG
Koei Tecmo Holdings Co Ltd,3635
Celgene Corp,CELG
Industrivarden AB,INDUC
Accor SA,AC
Fresnillo PLC,FRES
Sysmex Corp,6869
Fastighets AB Balder,BALDB
Randgold Resources Ltd,RRS
Microsoft Corp,MSFT
Novozymes A/S,NZYMB
Flughafen Zurich AG,FHZN
RioCan Real Estate Investment Trust,REI-U
Turquoise Hill Resources Ltd,TRQ
Texas Instruments Inc,TXN
Alphabet Inc,GOOGL
VMware Inc,VMW
Novo Nordisk A/S,NOVOB
Industrivarden AB,INDUA
Weingarten Realty Investors,WRI
Waters Corp,WAT
Oriental Land Co Ltd/Japan,4661
Worldpay Group Ltd,WPG
PayPal Holdings Inc,PYPL
Vonovia SE,VNA
Zoetis Inc,ZTS
AAC Technologies Holdings Inc,2018
SEI Investments Co,SEIC
Hong Kong & China Gas Co Ltd,3
Hang Lung Properties Ltd,101
Xilinx Inc,XLNX
Cabot Oil & Gas Corp,COG
Paychex Inc,PAYX
ECN Capital Corp,ECN
Alony Hetz Properties & Investments Ltd,ALHE
TD Ameritrade Holding Corp,AMTD
Activision Blizzard Inc,ATVI
Yandex NV,YNDX
EMS-Chemie Holding AG,EMSN
Mid-America Apartment Communities Inc,MAA
Regeneron Pharmaceuticals Inc,REGN
Electronic Arts Inc,EA
Boston Properties Inc,BXP
Coloplast A/S,COLOB
Kiwi Property Group Ltd,KPG
Core Laboratories NV,CLB
CSL Ltd,CSL
Verisk Analytics Inc,VRSK
London Stock Exchange Group PLC,LSE
FANUC Corp,6954
Charles Schwab Corp/The,SCHW
S&P Global Inc,SPGI
Brown-Forman Corp,BF/B
ASML Holding NV,ASML
FleetCor Technologies Inc,FLT
Henderson Land Development Co Ltd,12
Dassault Systemes SE,DSY
Twitter Inc,TWTR
salesforce.com Inc,CRM
Deutsche Boerse AG,DB1
Concho Resources Inc,CXO
Palo Alto Networks Inc,PANW
Equinix Inc,EQIX
Intuit Inc,INTU
Edwards Lifesciences Corp,EW
Digital Realty Trust Inc,DLR
Vicinity Centres,VCX
Alexion Pharmaceuticals Inc,ALXN
Cochlear Ltd,COH
Klepierre SA,LI
Fisher & Paykel Healthcare Corp Ltd,FPH
USS Co Ltd,4732
Shopping Centres Australasia Property Group,SCP
Swire Properties Ltd,1972
Wirecard AG,WDI
GGP Inc,GGP
Matsui Securities Co Ltd,8628
Macerich Co/The,MAC
Red Hat Inc,RHT
Liberty Property Trust,LPT
Ichigo Inc,2337
Hanmi Science Co ltd,008930
Transurban Group,TCL
Zenkoku Hosho Co Ltd,7164
Kakaku.com Inc,2371
Cboe Global Markets Inc,CBOE
Scentre Group,SCG
Hermes International,RMS
Rational AG,RAA
Intercontinental Exchange Inc,ICE
Simon Property Group Inc,SPG
Chr Hansen Holding A/S,CHR
Alkermes PLC,ALKS
Ascendas Real Estate Investment Trust,AREIT
Melker Schorling AB,MELK
American Tower Corp,AMT
Amot Investments Ltd,AMOT
Crown Castle International Corp,CCI
Goodman Group,GMG
Netflix Inc,NFLX
Check Point Software Technologies Ltd,CHKP
Japan Exchange Group Inc,8697
Land Securities Group PLC,LAND
Equity Residential,EQR
Straumann Holding AG,STMN
Asahi Intecc Co Ltd,7747
Extra Space Storage Inc,EXR
LEG Immobilien AG,LEG
Singapore Exchange Ltd,SGX
Unibail-Rodamco SE,UL
Ashmore Group PLC,ASHM
Splunk Inc,SPLK
UDR Inc,UDR
Westfield Corp,WFD
Alexandria Real Estate Equities Inc,ARE
Regency Centers Corp,REG
Just Eat PLC,JE/
Monster Beverage Corp,MNST
Azrieli Group Ltd,AZRG
Dexus,DXS
Arista Networks Inc,ANET
OBIC Business Consultants Co Ltd,4733
Federal Realty Investment Trust,FRT
British Land Co PLC/The,BLND
Wheaton Precious Metals Corp,WPM
CapitaLand Mall Trust,CT
Sydney Airport,SYD
Sofina SA,SOF
Obic Co Ltd,4684
Merlin Properties Socimi SA,MRL
AvalonBay Communities Inc,AVB
Platinum Asset Management Ltd,PTM
Hopewell Holdings Ltd,54
Start Today Co Ltd,3092
Workday Inc,WDAY
ANSYS Inc,ANSS
BioMarin Pharmaceutical Inc,BMRN
Essex Property Trust Inc,ESS
GLP Pte Ltd,GLP
Magellan Financial Group Ltd,MFG
Hysan Development Co Ltd,14
Auckland International Airport Ltd,AIA
Realty Income Corp,O
Illumina Inc,ILMN
Champion REIT,2778
GPT Group/The,GPT
Prologis Inc,PLD
Duke Realty Corp,DRE
ServiceNow Inc,NOW
PSP Swiss Property AG,PSPN
Adobe Systems Inc,ADBE
Autodesk Inc,ADSK
Visa Inc,V
Facebook Inc,FB
NVIDIA Corp,NVDA
Public Storage,PSA
Align Technology Inc,ALGN
Incyte Corp,INCY
Deutsche Wohnen SE,DWNI
CME Group Inc,CME
Hammerson PLC,HMSO
Partners Group Holding AG,PGHN
Mastercard Inc,MA
ASX Ltd,ASX
M3 Inc,2413
Suntec Real Estate Investment Trust,SUN
REA Group Ltd,REA
Gecina SA,GFC
GMO Payment Gateway Inc,3769
Link REIT,823
Keyence Corp,6861
Ryman Healthcare Ltd,RYM
CapitaLand Commercial Trust,CCT
Intuitive Surgical Inc,ISRG
Vertex Pharmaceuticals Inc,VRTX
Segro PLC,SGRO
Rightmove PLC,RMV
Hargreaves Lansdown PLC,HL/
Franco-Nevada Corp,FNV
Nihon M&A Center Inc,2127
Hong Kong Exchanges & Clearing Ltd,388
Kingston Financial Group Ltd,1031
CK Infrastructure Holdings Ltd,1038
Celltrion Inc,068270
Genmab A/S,GEN
Samsung Biologics Co Ltd,207940
China Oceanwide Holdings Ltd,715
Power Assets Holdings Ltd,6
PeptiDream Inc,4587
Liberty Broadband Corp,LBRDA
Porsche Automobil Holding SE,PAH3
,
,
,
,
,
,
,
,
,
,
,
,
,
,
,
,
,
,
,
,
,
,
,
,
,
,
,
,
,
,
,
,
Hyundai Heavy Industries Co Ltd,
Hyundai Mipo Dockyard Co Ltd,
Kyowa Hakko Kirin Co Ltd,
TDC A/S,
Euler Hermes Group,
